<!--
The markup in NativeScript apps contains a series of user interface components, each
of which NativeScript renders with a platform-specific iOS or Android native control.
You can find a full list of user interface components you can use in your app at
https://docs.nativescript.org/ui/components.
-->
<Page xmlns="http://schemas.nativescript.org/tns.xsd" navigatingTo="navigatingTo" class="page">

    <Page.actionBar>
        <ActionBar title="My App" icon="" class="action-bar">
        </ActionBar>
    </Page.actionBar>

    <StackLayout class="p-20">
        <Label text="Firebase Notification test" class="h1 text-center"/>
        <Label text="{{ message }}" class="h2 text-center" textWrap="true"/>
        <Label text="{{ title }}" class="h2 text-center" textWrap="true"/>
    </StackLayout>
</Page>
